name,graduation_year,education,yoe,gpa,email,phone,initial_score,notes,phone_screen,status,secondary_score,location,file_name,technical_skills
Alex Chen,2028,Electrical Engineering - University of Washington,2,3.89,alex.chen@example.edu,206-555-9876,8,"Alex Chen demonstrates exceptional proficiency in electrical engineering, evidenced by his outstanding projects and industry experience at leading tech companies. At Intel, he significantly improved efficiency by reducing testing time by 40% through automation of PCB prototype testing. His Tesla internship showcased his ability to optimize systems, achieving a 25% improvement in cooling efficiency for battery management systems. His research contributions in power electronics led to publication in IEEE Power Electronics Letters, while his project portfolio spans innovative solutions including an FPGA-based smart grid monitoring system and an autonomous drone controller with 95% navigation accuracy. His technical leadership in IoT applications is demonstrated through his home automation project implementing secure wireless sensor networks. Maintaining a 3.89 GPA at the University of Washington, Alex combines strong academic foundation with practical engineering expertise.",not completed,holdfile,0,Alex_Chen.pdf,Alex_Chen.pdf,"VHDL,Python,C,C++,Arduino,PCB Design,Altium Designer,Raspberry Pi,FPGA,ARM,Xilinx Vivado,LabVIEW,ESP32,MQTT,Power Electronics,Circuit Design,IoT,Machine Learning,PID Control,Signal Processing"
Alexander Rodriguez,2029,Data Science - Texas State University,2,3.85,a.rodriguez@example.edu,512-789-4561,9,"Alexander Rodriguez has demonstrated exceptional expertise in data science and machine learning, with notable achievements across academic and professional domains. His award-winning SmartCity Analytics project at CitySolve Hackathon showcases his ability to implement complex machine learning solutions, achieving 85% accuracy in urban traffic prediction. At Dell Technologies, he significantly improved data quality by 35% through automated preprocessing systems while developing predictive analytics solutions. His HealthAI Diagnostic Assistant project demonstrates advanced machine learning capabilities, achieving 92% accuracy in disease detection while maintaining HIPAA compliance. During his research assistantship at the Computational Biology Lab, he developed innovative protein structure prediction methods with 78% accuracy, leading to peer-reviewed publications. At National Instruments, he optimized system performance by 25% while implementing microservice architectures, showing his proficiency in both software development and data engineering. His diverse project portfolio, spanning from climate impact assessment to genomic analysis, reflects his versatility in applying data science solutions to real-world challenges.",not completed,holdfile,0,Alexander_Rodriguez.pdf,Alexander_Rodriguez.pdf,"Python,R,Java,JavaScript,SQL,Scala,TensorFlow,Keras,Jupyter Notebook,Apache Spark,Hadoop,Docker,Kubernetes,Git,AWS,Scikit-learn,React,Flask,Shiny,PostgreSQL,Machine Learning,Deep Learning,Data Visualization,Big Data Analytics,Cloud Computing,Artificial Intelligence"
Ava Patel,2023,Computer Engineering - University of Illinois Urbana-Champaign,1,3.91,ava.patel@example.com,312-555-7890,8,"Ava Patel exhibits exceptional expertise in firmware and embedded systems engineering, demonstrated through significant achievements in both industry and academic settings. At Texas Instruments, she optimized IoT microcontroller firmware achieving 20% power consumption reduction and streamlined testing processes by 30%. Her research contributions at UIUC Embedded Systems Lab earned the Best Undergraduate Research Award and led to publication in the International Conference on Embedded Systems and Applications. Her project portfolio showcases diverse technical capabilities, including a Smart Agriculture System that achieved 25% water usage reduction and an autonomous search and rescue robot with 85% target location accuracy. As Vice President of the IEEE Student Chapter and HackIllinois Organizer, she demonstrated strong leadership abilities while maintaining technical excellence across embedded systems, IoT, and robotics domains. Her work with ARM Cortex-M processors and implementation of energy-efficient algorithms for wearable medical devices highlights her ability to develop practical solutions for real-world challenges.",not completed,holdfile,0,Ava_Patel.pdf,Ava_Patel.pdf,"C++,Python,Verilog,SQL,ROS,OpenCV,MQTT,Quartus,Git,Arduino,MATLAB,Embedded Systems,IoT,Signal Processing,Robotics,ARM,SPI,I2C,FPGA,Digital Signal Processing,Computer Architecture,Machine Learning"
Ava Thompson,2030,Marine Biology and Data Science - University of Miami,2,3.79,a.thompson@example.edu,305-555-9876,7,"Ava Thompson demonstrates a unique blend of marine biology expertise and advanced data science capabilities, making significant contributions to ocean conservation through technology. Her AI-powered Coral Reef Health Monitoring System achieved 90% accuracy in detecting coral bleaching events, providing crucial data for marine conservation organizations. At NOAA, she applied machine learning techniques to predict hurricane intensity and sea level rise, while her work at The Nature Conservancy contributed to marine protected areas conservation strategies. Her Ocean Plastic Detection AI project showcases practical application of computer vision in environmental protection, successfully partnering with NGOs for cleanup initiatives. Through her research at the University of Miami's Marine Ecology Lab, she developed computational models for reef resilience and published findings in peer-reviewed journals. Her Marine Species Tracker platform demonstrates her ability to integrate geospatial data analysis with wildlife conservation efforts, further contributing to the field of marine biology.",not completed,holdfile,0,Ava_Thompson.pdf,Ava_Thompson.pdf,"Python,R,MATLAB,SQL,JavaScript,TensorFlow,ArcGIS,Jupyter Notebook,Git,Docker,AWS,Tableau,QGIS,OpenCV,Flask,Shiny,SQLite,Machine Learning,Data Visualization,GIS,Statistical Analysis,Geospatial Analysis,Oceanographic Modeling,Computational Biology"
Benjamin Reed,2022,Electrical Engineering - University of Virginia,1,3.87,benjamin.reed@example.com,703-876-4321,7,"Benjamin Reed demonstrates exceptional proficiency in hardware engineering and embedded systems, with significant achievements in both industry and research environments. At Northrop Grumman, he improved radar communication systems by reducing signal noise by 25% and increased testing efficiency by 40% through automation. His research contributions led to publication in the IEEE Sensors Journal, where he developed an innovative IoT sensor network that achieved 15% extended battery life through energy-efficient protocols. His project portfolio includes a SmartGrid Optimization Tool that achieved 10% efficiency gain in power distribution and an autonomous delivery robot with 90% success rate in real-world testing. As an active member of the UVA Robotics Team and IEEE Student Chapter, he has consistently demonstrated practical application of electrical engineering principles across hardware design, automation, and systems integration.",not completed,holdfile,0,Benjamin_Reed.pdf,Benjamin_Reed.pdf,"Python,C++,MATLAB,Verilog,ROS,Simulink,OpenCV,Git,LTspice,Altium Designer,Arduino,Raspberry Pi,Embedded Systems,IoT,Circuit Design,Robotics,PCB Design,Digital Signal Processing,Control Systems,Hardware Testing,LiDAR,Power Systems,RF Communications"
Charlotte Lee,2022,Biomedical Engineering - Johns Hopkins University,1,3.94,charlotte.lee@example.com,410-765-4321,8,"Charlotte Lee demonstrates exceptional expertise in biomedical engineering, with significant achievements in medical device development and tissue engineering research. At NIH, she developed an innovative wearable device that improved vital monitoring accuracy by 15%, successfully tested across 30+ patients. Her research at Johns Hopkins led to breakthrough developments in neural tissue regeneration, achieving 30% increased cell adhesion rates and publication in the Journal of Biomedical Materials Research. Her award-winning Bionic Hand Prototype earned first place in the Johns Hopkins Design Competition, showcasing advanced integration of EMG sensors with ROS-based control systems. The VitalTrack project demonstrated her ability to develop high-reliability medical systems, achieving 95% sensitivity in anomaly detection. As Vice President of the Biomedical Engineering Society, she combined leadership skills with technical excellence in biomedical device development and tissue engineering applications.",not completed,holdfile,0,Charlotte_Lee.pdf,Charlotte_Lee.pdf,"Python,C++,MATLAB,SQL,ROS,SolidWorks,TensorFlow,Arduino,Git,ImageJ,Signal Processing,Neural Interfaces,EMG,Tissue Engineering,Biomedical Devices,Biomechanics,ECG Analysis,PPG Analysis,Image Analysis,Medical Device Design"
Daniel Brooks,2023,Computer Engineering - North Carolina State University,1,3.85,daniel.brooks@example.com,919-555-6789,7,"Daniel Brooks exhibits exceptional proficiency in embedded systems and IoT development, demonstrated through significant achievements in industry and research. At Qualcomm, he optimized IoT device firmware achieving 20% power consumption reduction and 30% improved system reliability. His research contributions led to publication at the IEEE International Conference on Embedded Systems, where he developed energy-efficient algorithms that extended wearable device battery life by 15%. His project portfolio showcases diverse technical capabilities, including an IoT thermostat system with 95% positive user feedback and an autonomous delivery drone achieving 90% delivery success rate. His Digital Logic Simulator project demonstrated practical application of educational technology, while his work with ARM Cortex-M microcontrollers and extensive experience in firmware development reflects his deep understanding of embedded systems architecture.",not completed,holdfile,0,Daniel_Brooks.pdf,Daniel_Brooks.pdf,"C++,Python,Verilog,SQL,ROS,Qt Framework,Arduino,Git,MQTT,OpenCV,Embedded Systems,IoT,Computer Vision,Digital Logic Design,ARM,Firmware Development,Communication Protocols,Unit Testing,Mobile App Development,System Architecture"
Daniel Carter,2023,"Computer Science - University of Maryland, College Park",1,3.85,daniel.carter@example.com,202-555-6789,8,"Daniel Carter demonstrates exceptional expertise in software development and cybersecurity, backed by significant achievements in both industry and research. At Capital One, he engineered high-performance systems handling over 1 million daily transactions and achieved 99.9% uptime while reducing compliance audit effort by 40%. His research at UMD Cybersecurity Center led to publication at the ACM SIGSAC Conference, focusing on real-time threat analysis and machine learning-based intrusion detection. His SecureDrive project showcases advanced security implementation with AES-256 encryption and role-based access control, while MetroNav demonstrates scalability supporting 5,000+ daily users with 95% satisfaction rate. Currently pursuing an MS in Cybersecurity at GWU while maintaining active involvement in the Cyber Defense Club, he combines deep technical knowledge with practical security expertise.",not completed,holdfile,0,Daniel_Carter.pdf,Daniel_Carter.pdf,"Python,Java,JavaScript,SQL,C++,React,Node.js,Spring Boot,TensorFlow,Flask,Docker,Jenkins,AWS,Elasticsearch,MongoDB,Kubernetes,Cybersecurity,Cloud Computing,Machine Learning,Distributed Systems,AES Encryption,API Development,Network Security,Cryptography"
Daniel Kim,2029,Electrical Engineering - University of Illinois at Urbana-Champaign,2,3.92,d.kim@example.edu,312-555-6789,8,"Daniel Kim demonstrates exceptional proficiency in electrical engineering and robotics, with significant achievements across research and industry roles. At Tesla, he contributed to autonomous vehicle development through sensor system optimization, while at Texas Instruments he gained valuable experience in IoT device development and firmware optimization. His Smart Grid Optimization System achieved 20% energy consumption reduction in urban areas, while his autonomous robot project demonstrated 95% accuracy in object detection and avoidance. His FPGA-based image processor achieved 30% faster processing speeds through optimized hardware design. His research in swarm robotics led to publication in a top-tier robotics conference, showcasing his ability to advance cutting-edge technologies in multi-robot systems.",not completed,holdfile,0,Daniel_Kim.pdf,Daniel_Kim.pdf,"C,C++,Python,MATLAB,Verilog,Assembly,TensorFlow,Arduino,Raspberry Pi,LTspice,Git,Docker,AWS,ROS,OpenCV,VHDL,Xilinx,Digital Signal Processing,Embedded Systems,Control Systems,Machine Learning,Robotics,VLSI Design,SLAM,IoT,LiDAR,Firmware Development"
Daniel Patel,2028,Mechanical Engineering - Massachusetts Institute of Technology,2,3.89,d.patel@example.edu,617-555-9876,7,"Daniel Patel demonstrates exceptional expertise in mechanical engineering and robotics, combining theoretical knowledge with practical applications at prestigious organizations. At Boston Dynamics, he developed sophisticated motion planning algorithms for robotic systems, while at GE he contributed to gas turbine engine development through thermal and structural analysis. His research in swarm robotics led to publication in a leading robotics journal, showcasing his ability to advance multi-agent systems. His project portfolio includes an innovative robotic arm for precision manufacturing and an energy-efficient HVAC system optimized through CFD analysis. His autonomous vehicle simulation project demonstrates his ability to bridge mechanical engineering with advanced software development, while his work at MIT's Robotics Lab highlights his contributions to collaborative robotics research.",not completed,holdfile,0,Daniel_Patel.pdf,Daniel_Patel.pdf,"Python,MATLAB,C++,SolidWorks,ANSYS,LabVIEW,ROS,Git,Docker,AWS,Simulink,Arduino,Raspberry Pi,OpenCV,CFD,Thermal Analysis,Motion Planning,Robotics,Control Systems,CAD Design,Gazebo,Inverse Kinematics,Mechanical Design,Fluid Mechanics"
Emily Carter,2028,Computer Science - University of Washington,2,3.78,ethan.carter@example.edu,206-555-1234,8,"Emily Carter demonstrates exceptional versatility in software development and artificial intelligence, with notable achievements at leading tech companies and research institutions. At Microsoft, she improved Azure AI services deployment efficiency by 20% while at Amazon she developed predictive models achieving 85% accuracy in customer behavior analysis. Her innovative project portfolio includes an autonomous drone system with 90% accuracy in obstacle detection, a blockchain-based voting system, and an AI-powered resume builder leveraging GPT-3. Her research in AI ethics and contribution to fairness metrics in machine learning models demonstrates her commitment to responsible AI development. Her technical expertise spans cloud computing, distributed systems, and full-stack development, making her a well-rounded software engineer with strong foundations in both theoretical and practical aspects.",not completed,holdfile,0,Emily_Carter.pdf,Emily_Carter.pdf,"Python,C++,Java,JavaScript,SQL,Go,TensorFlow,PyTorch,Git,Docker,Kubernetes,AWS,Azure,React,Node.js,OpenCV,ROS,Solidity,Ethereum,Web3.js,GPT-3,Machine Learning,Cloud Computing,Distributed Systems,API Development"
Emily Chen,2027,Computer Science - Massachusetts Institute of Technology,1,3.91,e.chen@example.edu,617-555-0123,9,"Emily Chen demonstrates exceptional expertise in artificial intelligence and software development, with prestigious internships at leading tech companies. At Google, she contributed to next-generation search algorithms, achieving 15% improvement in query response time. Her Amazon internship showcased her data science capabilities through machine learning-based customer behavior analysis and predictive modeling. Her research in AI ethics at MIT's AI Ethics Lab demonstrates her commitment to responsible technology development. Her project portfolio includes an AI-powered chatbot achieving 85% accuracy in user intent recognition, a blockchain-based secure voting system, and an innovative AR campus tour application. Her technical achievements span from natural language processing to augmented reality, showcasing her versatility across multiple domains of computer science.",not completed,holdfile,0,Emily_Chen.pdf,Emily_Chen.pdf,"Python,Java,C++,JavaScript,SQL,React,Node.js,TensorFlow,PyTorch,Git,Docker,AWS,Unity,ARCore,Solidity,Ethereum,Web3.js,NLP,Machine Learning,Artificial Intelligence,Blockchain,Augmented Reality,Data Analysis,Database Systems"
Emily Zhang,2027,Environmental Science - University of Washington,1,3.76,e.zhang@example.edu,206-555-4321,7,"Emily Zhang demonstrates exceptional expertise in environmental science and data analysis, combining field research with advanced technological solutions. At the EPA, she developed analytical tools for environmental monitoring and regulatory decision-making, while her National Park Service internship focused on wildlife conservation and sustainability initiatives. Her research at UW's Climate Lab led to publication in a peer-reviewed journal, focusing on deforestation impacts and biodiversity prediction using machine learning. Her project portfolio includes a climate change impact analysis system, an urban sustainability dashboard for Seattle city planners, and a carbon footprint calculator. Her work demonstrates strong capabilities in environmental data analysis, GIS mapping, and sustainability metrics, making significant contributions to environmental policy and conservation efforts.",not completed,holdfile,0,Emily_Zhang.pdf,Emily_Zhang.pdf,"Python,R,SQL,MATLAB,ArcGIS,Tableau,Excel,Git,Docker,AWS,QGIS,SPSS,Google Earth Engine,Flask,Shiny,GIS,Data Analysis,Machine Learning,Environmental Modeling,Statistical Analysis,Geospatial Analysis,Climate Modeling,Biodiversity Assessment,Environmental Monitoring"
Emma Richardson,2027,Bioengineering - Stanford University,1,3.94,e.richardson@stanford.edu,415-555-0198,8,"Emma Richardson demonstrates exceptional expertise in bioengineering, combining advanced laboratory techniques with innovative research applications. At Genentech, she optimized protein production processes and developed automated protocols, achieving 15% cost reduction. Her research at Stanford Bioengineering Lab led to publication in Biomaterials journal, focusing on novel wound healing biomaterials. Her project portfolio includes a smart drug delivery system achieving 85% improved therapeutic efficacy, a tissue engineering platform reducing development time by 30%, and a wearable glucose monitoring system with 95% accuracy. Her experience at UCSF Medical Center strengthened her clinical laboratory expertise, while her diverse technical skills span from molecular biology techniques to computational modeling.",not completed,holdfile,0,Emma_Richardson.pdf,Emma_Richardson.pdf,"MATLAB,R,Python,ImageJ,LabVIEW,SolidWorks,PCR,Cell Culture,Flow Cytometry,Western Blot,CRISPR,Biostatistics,Experimental Design,Data Visualization,3D Printing,Biomaterials,Drug Delivery,Tissue Engineering,Quality Control,Laboratory Protocols,Protein Production,Clinical Analysis"
Ethan Carter,2028,Mechanical Engineering - University of Illinois at Urbana-Champaign,2,3.82,emily.carter@example.edu,312-555-1234,8,"Ethan Carter demonstrates exceptional proficiency in mechanical engineering and robotics, with significant achievements at world-class organizations. At Boeing, he contributed to next-generation aircraft systems design, while at Boston Dynamics he developed sophisticated control algorithms for advanced robotics. His research in swarm robotics led to publication in IEEE Robotics and Automation Letters, showcasing his expertise in multi-agent systems. His project portfolio includes an innovative robotic arm control system with computer vision integration, a wind turbine optimization project achieving 20% reduced downtime through predictive maintenance, and an autonomous underwater vehicle for environmental monitoring. His work combines mechanical engineering fundamentals with cutting-edge robotics and automation technologies.",not completed,holdfile,0,Ethan_Carter.pdf,Ethan_Carter.pdf,"Python,MATLAB,C++,SolidWorks,ANSYS,AutoCAD,LabVIEW,ROS,Arduino,Raspberry Pi,Git,Docker,AWS,TensorFlow,OpenCV,CFD,Structural Analysis,Control Systems,Robotics,CAD Design,Motion Planning,Computer Vision,Inverse Kinematics,Swarm Robotics"
Ethan Clark,2023,Data Science - University of Delaware,0,3.92,ethan.clark@example.com,302-123-4567,9,"Ethan Clark demonstrates exceptional proficiency in data science and analytics, with significant achievements in both industry and research. At Comcast, he analyzed customer data to reduce churn rate by 15% and optimized ETL pipelines with 25% improved efficiency. His research in social media sentiment analysis processing 1TB+ of data led to publication in the Journal of Data Science Research and earned Best Poster Presentation Award. His projects showcase diverse applications, including a crime analytics dashboard with 4.9/5 user ratings, a sentiment analysis platform achieving 90% accuracy with 1,000+ active users, and a retail forecasting tool improving prediction accuracy by 25%. As President of the Data Science Society and HackUD Organizer, he combined technical excellence with leadership skills.",not completed,holdfile,0,Ethan_Clark.pdf,Ethan_Clark.pdf,"Python,R,SQL,JavaScript,Flask,Shiny,scikit-learn,Tableau,PostgreSQL,AWS,Git,NLP,Machine Learning,Data Visualization,Time Series Analysis,ETL,Big Data Analytics,Statistical Analysis,Predictive Modeling,Database Management,API Development,Cloud Computing"
Ethan Martinez,2023,Electrical and Computer Engineering - University of Rochester,1,3.87,ethan.martinez@example.com,914-123-4567,8,"Ethan Martinez demonstrates exceptional expertise in electrical and computer engineering, validated through significant achievements in both industry and research. At Intel, he improved FPGA performance by 15% and reduced power consumption by 10% through optimized circuit designs. His research in embedded systems led to publication in the Journal of Embedded Systems Research, where he developed energy-efficient wireless protocols extending IoT device battery life by 20%. His project portfolio includes a smart grid controller reducing energy loss by 12%, an autonomous vehicle system achieving 90% navigation accuracy, and a custom digital signal processor for real-time audio processing. As IEEE Student Chapter Treasurer and HackRochester Organizer, he combined technical excellence with leadership abilities in hardware development and embedded systems.",not completed,holdfile,0,Ethan_Martinez.pdf,Ethan_Martinez.pdf,"Python,C++,Verilog,MATLAB,ROS,Simulink,OpenCV,Quartus,Git,ARM Cortex,FPGA,VLSI,IoT,Signal Processing,Embedded Systems,Autonomous Systems,Power Management,Circuit Design,Digital Signal Processing,Hardware Testing,LIDAR,Computer Vision,Real-time Systems"
Ethan Nguyen,2029,Aerospace Engineering - University of Colorado Boulder,2,3.88,e.nguyen@example.edu,303-555-7890,7,"Ethan Nguyen demonstrates exceptional expertise in aerospace engineering and space systems development, with significant achievements at industry leaders. At Lockheed Martin, he contributed to satellite systems design and analysis, while at Ball Aerospace he developed sophisticated ground control software and telemetry processing systems. His research in satellite communications for deep space missions led to publication in a leading aerospace engineering journal. His project portfolio includes a comprehensive CubeSat design for low Earth orbit missions, an autonomous drone control system, and advanced rocket propulsion simulations using computational fluid dynamics. His work combines aerospace engineering fundamentals with cutting-edge software development capabilities.",not completed,holdfile,0,Ethan_Nguyen.pdf,Ethan_Nguyen.pdf,"Python,MATLAB,C++,FORTRAN,Simulink,ANSYS,SolidWorks,Git,Docker,AWS,ROS,LabVIEW,STK,OpenVSP,CFD,Orbital Mechanics,Structural Analysis,Flight Dynamics,Satellite Systems,Propulsion Systems,Signal Processing,Thermal Analysis,Path Planning,Systems Engineering"
Ethan Walker,2023,"Electrical Engineering and Computer Science - University of California, Berkeley",1,3.92,ethan.walker@example.com,312-987-6543,9,"Ethan Walker demonstrates exceptional expertise in software engineering and artificial intelligence, with significant achievements in both industry and research. At BlueSky Technologies, he developed a high-throughput data pipeline processing 10+ TB daily with 45% improved efficiency, while implementing machine learning-based validation that reduced error rates by 30%. His research at Berkeley's AI Lab led to publication at IEEE ICRA, where his reinforcement learning algorithm achieved 20% increased efficiency in autonomous drone navigation. His projects showcase full-stack capabilities, including an AI parking management system with 90% prediction accuracy serving 5,000+ daily users, and an eco-friendly route planner receiving 4.8/5 user ratings. His work combines sophisticated backend architecture with scalable cloud solutions and practical AI applications.",not completed,holdfile,0,Ethan_Walker.pdf,Ethan_Walker.pdf,"Python,JavaScript,C++,Java,SQL,Go,R,TensorFlow,Flask,React,Node.js,PyTorch,ROS,Kubernetes,Docker,Jenkins,PostgreSQL,MongoDB,AWS,GCP,Apache Kafka,IoT,Reinforcement Learning,Distributed Systems,Microservices,Machine Learning,Full Stack Development,Cloud Architecture,API Development,Database Design"
Fiona Smile,2028,Computer Engineering - University of Illinois at Urbana-Champaign,1,3.83,o.carter@example.edu,312-555-1234,8,"Fiona Smile demonstrates exceptional proficiency in computer engineering and robotics, with significant achievements in both industry and academic projects. At Motorola Solutions, she developed optimized firmware for public safety devices, achieving 20% latency reduction. Her internship at John Deere focused on autonomous farming robotics, combining practical engineering with agricultural technology. Her project portfolio showcases diverse technical capabilities, including a smart home automation system, an autonomous robot achieving 95% accuracy in object detection, and an FPGA-based image processor with 30% improved processing speed. Her experience spans embedded systems, robotics, and hardware design, demonstrating strong capabilities in both software and hardware development.",not completed,holdfile,0,Fiona_Smile.pdf,Fiona_Smile.pdf,"C,C++,Python,Verilog,MATLAB,TensorFlow,ROS,Git,Docker,AWS,Arduino,Raspberry Pi,SolidWorks,VHDL,Xilinx,OpenCV,SLAM,IoT,Embedded Systems,Digital Logic,Computer Architecture,Machine Learning,Robotics,Image Processing,Firmware Development,Hardware Design"
Jessica Harper,2022,Computer Science and Engineering - Massachusetts Institute of Technology,1,4.0,jessica.harper@example.com,987-654-3210,9,"Jessica Harper demonstrates exceptional expertise in software engineering and artificial intelligence, with impactful achievements in both research and industry. At QuantumTech Solutions, she reduced API latency by 35% and increased system throughput by 50% through microservices architecture. Her research at MIT CSAIL led to publication at the ACL Conference, while implementing efficient data processing pipelines. Her project portfolio showcases full-stack capabilities including a voice-activated home automation system with 98% accuracy, an eco-tracking platform scaling to 1000+ users, and an AI-powered route optimization tool with 95% user satisfaction. As ACM Programming Team member and TechX Hackathon organizer, she combines technical excellence with proven leadership abilities.",not completed,holdfile,0,Jessica_Harper.pdf,Jessica_Harper.pdf,"Python,JavaScript,Java,C++,Go,SQL,R,React,Django,Flask,TensorFlow,PyTorch,Kubernetes,Next.js,Git,Docker,Jenkins,AWS,GCP,Firebase,Elasticsearch,Postman,Microservices,Cloud Architecture,API Development,NLP,Machine Learning,Distributed Systems"
Julia Martinez,2027,Biotechnology - University of California San Diego,1,3.78,j.martinez@example.edu,619-555-4321,7,"Julia Martinez demonstrates exceptional expertise in biotechnology and genomics research, with significant achievements in both academic and industry settings. Her research contributions at UCSD's Genomics Lab led to publication in Nature Biotechnology, focusing on novel gene editing techniques. At Illumina, she optimized sequencing protocols achieving 30% cost reduction, while her work at Scripps Research Institute strengthened her expertise in drug screening and cell culture techniques. Her project portfolio includes an innovative gene therapy vector design achieving 75% improved targeting efficiency, a machine learning-based protein structure prediction system reducing computation time by 60%, and a cancer biomarker detection method with 90% sensitivity. Her diverse technical skills span molecular biology techniques, computational methods, and laboratory management.",not completed,holdfile,0,Julia_Martinez.pdf,Julia_Martinez.pdf,"R,Python,BLAST,PyMOL,GraphPad Prism,Benchling,CRISPR,PCR,Flow Cytometry,Cell Culture,Western Blot,Gene Editing,DNA Sequencing,Molecular Biology,Bioinformatics,Machine Learning,Data Analysis,Laboratory Management,Protocol Optimization,Drug Screening,Genomics,Protein Structure Analysis"
Kshitij MD,2028,Computer Science - Stanford University,2,3.89,kshitih.kim@example.edu,415-555-1234,9,"Kshitij MD demonstrates exceptional expertise in artificial intelligence and software engineering, with prestigious internships at industry leaders. At Google, he optimized cloud services achieving 30% latency reduction, while at OpenAI he improved model training efficiency by 25% through pipeline optimization. His research in reinforcement learning at Stanford's AI Lab led to publication at NeurIPS 2027, advancing multi-agent coordination systems. His project portfolio includes an AI tutoring system with 90% accuracy in learning style adaptation, a secure blockchain voting platform, and an autonomous drone delivery system. His work spans cutting-edge technologies from machine learning to distributed systems, demonstrating strong capabilities in both research and practical implementation.",not completed,holdfile,0,Kshitij_MD.pdf,Kshitij_MD.pdf,"Python,Java,C++,JavaScript,Go,Rust,TensorFlow,PyTorch,Docker,Kubernetes,AWS,Git,React,Node.js,Spark,Hadoop,Flask,Solidity,Ethereum,Web3.js,ROS,Gazebo,Machine Learning,Natural Language Processing,Reinforcement Learning,Cloud Computing,Blockchain,Distributed Systems,Database Optimization,System Architecture"
Liam Adams,2023,Computer Science - University of California Berkeley,1,3.90,liam.adams@example.com,415-678-1234,8,"Liam Adams demonstrates exceptional expertise in distributed systems and cloud computing, with significant achievements at Google Cloud Platform and impactful academic contributions. At Google, he optimized backend services achieving 25% faster response times and built APIs handling 1M+ daily requests. As a Teaching Assistant for Berkeley's Distributed Systems course, he mentored 200+ students while maintaining technical excellence. His project portfolio includes a ride-sharing optimization tool serving 10,000+ daily users with 15% improved efficiency, a fault-tolerant distributed key-value store achieving 99.99% availability, and an AI chatbot processing 5,000+ daily interactions with 93% accuracy. His leadership as CS Mentors Lead and CalHacks Organizer demonstrates his ability to combine technical expertise with educational impact.",not completed,holdfile,0,Liam_Adams.pdf,Liam_Adams.pdf,"Python,Go,Java,SQL,JavaScript,Flask,TensorFlow,gRPC,PostgreSQL,Docker,Kubernetes,AWS,Distributed Systems,Machine Learning,Cloud Computing,Backend Development,REST APIs,Microservices,Database Design,System Architecture"
Liam Johnson,2027,Aerospace Engineering - University of Washington,2,3.84,l.johnson@example.edu,206-555-4321,7,"Liam Johnson demonstrates exceptional expertise in aerospace engineering and robotics, with valuable experience at leading aerospace companies. At Boeing, he contributed to aircraft component design and testing, while at Blue Origin he developed robotic systems for spacecraft assembly. His research in advanced propulsion systems for small satellites led to publication in a peer-reviewed journal. His project portfolio showcases diverse capabilities including an autonomous drone delivery system, a rocket simulation platform presented at a student conference, and a satellite image analysis tool using machine learning for environmental monitoring. His work combines aerospace engineering fundamentals with modern robotics and AI applications.",not completed,holdfile,0,Liam_Johnson.pdf,Liam_Johnson.pdf,"Python,MATLAB,C++,Java,SQL,TensorFlow,OpenCV,Git,Docker,AWS,SolidWorks,ANSYS,ROS,Aerospace Engineering,Robotics,Computer Vision,Machine Learning,Propulsion Systems,Aerodynamics,GIS,System Design,Structural Analysis,Environmental Monitoring"
Lucas Bennett,2028,Economics - University of Chicago,1,3.84,l.bennett@example.edu,312-555-9876,6,"Lucas Bennett demonstrates exceptional expertise in economic analysis and financial technology, combining quantitative skills with practical experience at leading institutions. At Goldman Sachs, he developed automated market monitoring systems, while his Federal Reserve internship focused on monetary policy analysis and economic forecasting. His research on minimum wage impacts was published in the Journal of Economic Perspectives, showcasing his ability to conduct rigorous economic analysis. His project portfolio includes a stock prediction model achieving 85% accuracy, an economic policy simulator using Monte Carlo methods, and a cryptocurrency trading bot achieving 12% monthly returns in backtesting. His work demonstrates strong capabilities in both traditional economic analysis and modern financial technologies.",not completed,holdfile,0,Lucas_Bennett.pdf,Lucas_Bennett.pdf,"Python,R,SQL,MATLAB,Stata,Tableau,Excel,Git,Docker,AWS,Jupyter Notebook,TensorFlow,PyTorch,Financial Analysis,Econometrics,Machine Learning,Data Visualization,Statistical Analysis,Monte Carlo Simulation,Time Series Analysis,Risk Management,Economic Modeling,Financial Markets,API Integration"
Lucas Taylor,2023,Computer Science - University of Illinois Urbana-Champaign,1,3.90,lucas.taylor@example.com,312-555-1234,8,"Lucas Taylor demonstrates exceptional expertise in full-stack development and software engineering, with significant achievements in both industry and academic settings. At Google, he developed a scalable logging system and optimized microservices reducing latency by 25%. As a Teaching Assistant for Algorithms, he improved class performance by 15% while mentoring 100+ students. His project portfolio includes a real-time collaborative coding platform supporting 1,000+ users, an IoT agriculture system achieving 20% water savings, and a financial analysis tool with 95% positive user feedback. His work demonstrates strong capabilities across web development, IoT systems, and data visualization, combined with effective technical leadership.",not completed,holdfile,0,Lucas_Taylor.pdf,Lucas_Taylor.pdf,"Python,JavaScript,C++,SQL,React,Flask,Node.js,Docker,Git,AWS,WebRTC,IoT,Web Development,Data Visualization,Microservices,Raspberry Pi,MQTT,Plotly,Backend Development,Frontend Development,System Architecture,Cloud Computing"
Maya Thompson,2023,Data Science - New York University,1,3.92,maya.thompson@example.com,646-321-9870,9,"Maya Thompson demonstrates exceptional expertise in data science and machine learning, with significant achievements in both industry and research. At Spotify, she developed user behavior analysis models increasing engagement by 20% and achieved 85% accuracy in churn prediction. Her research at NYU's Center for Data Science led to publication in the Journal of Data and Society, where she achieved 90% accuracy in social media content classification. Her project portfolio includes a financial forecasting tool with 95% prediction accuracy, a sentiment analysis system achieving 93% accuracy on 500,000+ tweets, and an interactive crime visualization platform. As President of the NYU Data Science Society and HackNYU Organizer, she combined technical excellence with leadership abilities.",not completed,holdfile,0,Maya_Thompson.pdf,Maya_Thompson.pdf,"Python,JavaScript,SQL,R,Flask,TensorFlow,scikit-learn,D3.js,MongoDB,Tableau,AWS,Git,NLP,Machine Learning,Data Visualization,Time Series Analysis,Big Data Analytics,Deep Learning,Statistical Analysis,Database Management,Cloud Computing,Predictive Modeling"
Mia Thompson,2021,Economics and Data Science - Georgetown University,1,3.89,mia.thompson@example.com,646-543-2198,8,"Mia Thompson demonstrates exceptional expertise in economics and data science, combining strong academic credentials with practical experience at prestigious institutions. At the Federal Reserve Board, she developed machine learning models achieving 95% accuracy in inflation prediction and reduced data processing time by 40%. Her research at Georgetown led to publication in the Journal of Behavioral Economics, featuring a comprehensive study with 1,500+ participants. Her project portfolio includes a retail analytics platform improving demand prediction by 30% and an energy market forecasting tool with 92% accuracy. Currently pursuing an MS in Analytics and Machine Learning at UPenn, she combines advanced quantitative skills with practical applications in economic and financial analysis.",not completed,holdfile,0,Mia_Thompson.pdf,Mia_Thompson.pdf,"Python,R,SQL,JavaScript,Stata,Django,Flask,Shiny,D3.js,Tableau,AWS,Git,PostgreSQL,pandas,NumPy,Time Series Analysis,Predictive Modeling,Data Visualization,Econometrics,Machine Learning,Statistical Analysis,Database Management,Economic Modeling"
Michael Carter,2029,Computer Science - University of Texas at Dallas,1,3.84,m.carter@example.edu,214-555-6789,8,"Michael Carter demonstrates exceptional expertise in software development, AI ethics, and data science. At Texas Instruments, he optimized database performance achieving 30% latency reduction in backend services, while at AT&T he developed predictive models with 90% accuracy for user behavior analysis. His research in AI ethics led to publication at a top-tier conference, focusing on bias detection and mitigation in machine learning systems. His project portfolio includes an AI-powered customer support chatbot, a blockchain-based secure voting system, and an e-commerce recommendation system achieving 85% accuracy. His work combines technical excellence with ethical considerations in AI development.",not completed,holdfile,0,Michael_Carter.pdf,Michael_Carter.pdf,"Python,C,MATLAB,Verilog,Assembly,TensorFlow,PyTorch,LTspice,Cadence,Arduino,Raspberry Pi,Git,Docker,AWS,ROS,Gazebo,Flask,MQTT,OpenCV,React Native,Power Electronics,Circuit Design,Signal Processing,Embedded Systems,PCB Design,IoT,Machine Learning,Power Systems,Control Systems"
Michael Thompson,2029,Electrical Engineering - University of Illinois at Urbana-Champaign,1,3.82,m.thompson@example.edu,312-555-6789,8,"Michael Thompson demonstrates exceptional expertise in electrical engineering and embedded systems, with significant achievements in both industry and research. At General Electric, he contributed to power electronics circuit design and system stability analysis, while at Texas Instruments he developed optimized firmware for embedded systems. His research in power systems led to publication in IEEE Transactions on Power Systems, focusing on renewable energy integration. His project portfolio includes a smart grid optimization system achieving 20% efficiency improvement, an autonomous vehicle simulation platform, and an IoT-based home security system with facial recognition. His work combines electrical engineering fundamentals with modern software development practices.",not completed,holdfile,0,Michael_Thompson.pdf,Michael_Thompson.pdf,"Python,Java,C++,JavaScript,SQL,Go,TensorFlow,PyTorch,Git,Docker,Kubernetes,AWS,React,Node.js,MongoDB,Flask,Solidity,Ethereum,Scikit-learn,Machine Learning,Natural Language Processing,Blockchain,Database Optimization,AI Ethics,Data Visualization,Backend Development,Full Stack Development"
Nelson Martinez,2027,Psychology - University of Texas at Austin,1,3.78,s.martinez@example.edu,512-555-6789,7,"Nelson Martinez demonstrates exceptional expertise in psychological research and data science, combining clinical knowledge with advanced technological solutions. At Dell Technologies, he leveraged data analytics to enhance product design through customer behavior analysis, while his NIH internship focused on groundbreaking research in chronic illness psychology. His research at UT Austin's Cognitive Neuroscience Lab led to publication in the Journal of Cognitive Neuroscience, advancing understanding of memory and learning processes through fMRI analysis. His innovative project portfolio includes a mental health tracking app with ML-based mood prediction, a comprehensive behavioral study with 200 participants published in a peer-reviewed journal, and an AI-powered therapy chatbot utilizing natural language processing for healthcare applications. His work bridges the gap between psychological research and technological implementation, demonstrating strong capabilities in both clinical research and practical applications.",not completed,holdfile,0,Nelson_Martinez.pdf,Nelson_Martinez.pdf,"Python,R,SPSS,MATLAB,SQL,Tableau,Jupyter Notebook,Git,Docker,AWS,Qualtrics,TensorFlow,PyTorch,React,Node.js,MongoDB,Flask,Statistical Analysis,Data Visualization,Machine Learning,Natural Language Processing,Research Methods,Experimental Design,fMRI Analysis,Clinical Research"
Noah Johnson,2022,Information Science - University of Maryland,1,3.86,noah.johnson@example.com,202-321-4567,8,"Noah Johnson demonstrates exceptional expertise in information systems and user experience design, with significant achievements in both industry and academic settings. At Adobe, he conducted comprehensive usability testing and designed improved workflows that increased user retention by 20%. As a Teaching Assistant for Web Development, he mentored 100+ students while maintaining high standards in modern web technologies. His project portfolio includes a highly-rated event management platform achieving 4.8/5 user satisfaction and 99.9% uptime, and a knowledge exploration system reducing search times by 50% while handling 5,000+ daily queries. His work combines technical excellence with user-centered design principles.",not completed,holdfile,0,Noah_Johnson.pdf,Noah_Johnson.pdf,"Python,JavaScript,HTML/CSS,SQL,React,Flask,Node.js,Figma,Elasticsearch,AWS,Git,MongoDB,Web Development,User Experience Design,Database Management,Information Retrieval,UI/UX Design,Prototyping,Usability Testing,API Development,System Architecture,Cloud Computing"
Noah Williams,2027,Industrial Engineering - Georgia Institute of Technology,1,3.87,n.williams@example.edu,404-555-6789,7,"Noah Williams demonstrates exceptional expertise in industrial engineering and operations research, with significant achievements in supply chain optimization and process improvement. At Delta Air Lines, he applied linear programming for flight scheduling optimization, while at Home Depot he developed analytics solutions for inventory management. His project portfolio includes a comprehensive supply chain optimization platform, an autonomous warehouse robot system, and a process optimization tool achieving 20% reduction in production downtime. His work combines industrial engineering principles with modern data analytics and automation technologies.",not completed,holdfile,0,Noah_Williams.pdf,Noah_Williams.pdf,"Python,R,SQL,MATLAB,Java,TensorFlow,Tableau,Git,Docker,AWS,Jupyter Notebook,Excel,Simulink,ROS,OpenCV,Shiny,Operations Research,Supply Chain Analytics,Process Optimization,Machine Learning,Statistical Analysis,Data Visualization,Linear Programming,Industrial Engineering,Inventory Management"
Olivia Bennett,2022,Computer Science - George Washington University,1,3.85,olivia.bennett@example.com,202-654-9871,9,"Olivia Bennett demonstrates exceptional expertise in software engineering and cybersecurity, backed by advanced research in AI and secure systems at Johns Hopkins University. At Booz Allen Hamilton, she architected a cloud-based monitoring system handling 1M+ daily transactions and improved system performance by 25% through optimized data pipelines. Her research in IoT security protocols led to publication in the International Journal of Computer Security, advancing lightweight encryption frameworks for resource-constrained devices. Her innovative project portfolio includes a HIPAA-compliant healthcare platform serving 5,000+ users with 99.8% uptime, an environmental monitoring system managing 2TB+ of data with 4.9/5 user ratings, and a smart traffic control system achieving 30% congestion reduction in pilot cities. As Cybersecurity Club President and research mentor, she combines technical excellence with leadership in secure system design.",not completed,holdfile,0,Olivia_Bennett.pdf,Olivia_Bennett.pdf,"Python,JavaScript,Java,SQL,Bash,C++,React,Flask,Django,TensorFlow,PyTorch,Spark,AWS,Docker,Kubernetes,Git,Jenkins,Apache Kafka,Cybersecurity,Cloud Computing,Data Visualization,IoT Systems,Encryption,Security Protocols,Microservices Architecture,Healthcare Technology,System Architecture,Cloud Security"
Olivia Kim,2028,Computer Science - Stanford University,1,3.92,olivia.kim@example.edu,415-555-1234,9,"Olivia Kim demonstrates exceptional expertise in artificial intelligence and software engineering, with prestigious internships at leading tech companies. At Google Cloud Platform, she optimized database performance achieving 30% latency reduction, while at Facebook she developed predictive models with 90% accuracy for user behavior analysis. Her research in AI ethics led to publication at a top-tier conference, focusing on bias detection and mitigation in machine learning systems. Her project portfolio includes an AI-powered mental health chatbot, a secure blockchain-based voting system, and an e-commerce recommendation system achieving 85% prediction accuracy. Her work combines technical excellence with ethical considerations in AI development.",not completed,holdfile,0,Olivia_Kim.pdf,Olivia_Kim.pdf,"Python,Java,C++,JavaScript,SQL,Go,TensorFlow,PyTorch,Git,Docker,Kubernetes,AWS,React,Node.js,MongoDB,Flask,Solidity,Ethereum,Scikit-learn,Machine Learning,Natural Language Processing,Blockchain,Database Optimization,AI Ethics,Data Visualization,Backend Development,Cloud Computing"
Olivia Martinez,2021,Computer Science - Carnegie Mellon University,1,3.94,olivia.martinez@example.com,646-321-9876,9,"Olivia Martinez demonstrates exceptional expertise in full-stack development and human-computer interaction, with significant achievements in both industry and research. At NovaTech Systems, she architected high-performance backend systems achieving 40% latency reduction and 50% faster response times through Redis caching, while supporting 1M+ daily API calls. Her research at CMU's HCII led to publication at ACM CHI 2020, advancing accessibility technology for visually impaired users through innovative wearable devices. Her project portfolio includes a real-time collaborative coding platform handling 4,000+ active users with sub-100ms latency, and a HIPAA-compliant healthcare prediction system achieving 85% accuracy in patient readmission prediction, serving 50+ hospitals. Her work demonstrates exceptional ability to balance technical innovation with human-centered design principles.",not completed,holdfile,0,Olivia_Martinez.pdf,Olivia_Martinez.pdf,"Python,JavaScript,Java,C++,SQL,Ruby,R,React,Flask,TensorFlow,Node.js,Django,Kubernetes,Git,Docker,PostgreSQL,Firebase,AWS,Redis,Elasticsearch,IoT,Machine Learning,Cloud Computing,Human-Computer Interaction,API Development,Database Optimization,System Architecture,Real-time Systems,Healthcare Technology"
Olivia Thompson,2027,Aerospace Engineering - Massachusetts Institute of Technology,1,3.92,o.thompson@example.edu,617-555-3412,9,"Olivia Thompson demonstrates exceptional expertise in aerospace engineering and spacecraft systems, with significant achievements at leading space organizations. At SpaceX, she contributed to Starship heat shield design and reentry trajectory optimization, while at NASA JPL she supported Mars Sample Return mission planning. Her research in MIT's Space Systems Lab led to publication in the Journal of Spacecraft and Rockets, focusing on novel propulsion systems for small satellites. Her project portfolio includes a CubeSat design achieving 95% power efficiency, an autonomous drone swarm demonstrating successful 6-drone formation flying, and hypersonic vehicle thermal protection system design. Her work combines advanced aerospace engineering principles with cutting-edge space technology development.",not completed,holdfile,0,Olivia_Thompson.pdf,Olivia_Thompson.pdf,"MATLAB,ANSYS,SolidWorks,Python,LabVIEW,STK,CFD,FEA,Wind Tunnel Testing,CAD/CAM,Composite Manufacturing,ROS,Orbital Mechanics,Propulsion Systems,Flight Dynamics,Thermal Analysis,Mission Planning,Systems Engineering,Control Systems,Spacecraft Design,Trajectory Optimization,Aerodynamics"
Ryan Park,2028,Industrial Engineering - Columbia University,1,3.87,r.park@example.edu,212-555-8765,7,"Ryan Park demonstrates exceptional expertise in industrial engineering and operations optimization, with significant achievements at major logistics companies. At Amazon, he improved fulfillment center efficiency by 20% through innovative sorting algorithms, while at FedEx he identified $300K annual savings through route optimization. His research in urban logistics led to publication in Transportation Research Journal. His project portfolio includes a warehouse automation system reducing picking time by 35%, a supply chain optimization project achieving 25% inventory cost reduction, and a manufacturing process redesign improving throughput by 40%. His work combines industrial engineering principles with modern data analytics and automation technologies.",not completed,holdfile,0,Ryan_Park.pdf,Ryan_Park.pdf,"Python,R,SQL,Tableau,SAP,Arena Simulation,Six Sigma,Lean Manufacturing,AutoCAD,MS Project,IoT,Machine Learning,Operations Research,Supply Chain Management,Process Optimization,Data Analytics,Simulation Modeling,Predictive Maintenance,Inventory Management,KPI Development"
Sanah Jahedi,2027,Computer Science - Stanford University,1,3.89,sanah.jahedi@example.edu,415-555-1234,9,"Sanah Jahedi demonstrates exceptional expertise in artificial intelligence and software engineering, with prestigious internships at leading tech companies. At Google Cloud Platform, she optimized database performance achieving 30% latency reduction, while at OpenAI she improved model training efficiency by 25% through pipeline optimization. Her research in reinforcement learning at Stanford's AI Lab led to publication in NeurIPS, advancing multi-agent coordination systems. Her project portfolio includes an AI tutoring system with 90% accuracy in learning style adaptation, a secure blockchain voting platform, and an autonomous drone delivery system. Her work combines cutting-edge AI research with practical software engineering implementation.",not completed,holdfile,0,Sanah_Jahedi.pdf,Sanah_Jahedi.pdf,"Python,Java,C++,JavaScript,Go,Rust,TensorFlow,PyTorch,Docker,Kubernetes,AWS,Git,React,Node.js,Spark,Hadoop,Flask,Solidity,Ethereum,Web3.js,ROS,Gazebo,Machine Learning,Natural Language Processing,Reinforcement Learning,Cloud Computing,Blockchain,Distributed Systems"
Sarah Anderson,2027,Data Science - Northeastern University,1,3.91,s.anderson@example.edu,617-555-0123,9,"Sarah Anderson demonstrates exceptional expertise in data science and machine learning, with significant achievements at leading tech companies and research institutions. At Google, she improved click-through rates by 12% through optimized recommendation algorithms, while at Amazon she reduced report processing time by 40% through automation. Her research in deep learning for climate change prediction led to publication at the International Conference on Machine Learning. Her project portfolio includes a healthcare analytics platform achieving 89% accuracy in readmission prediction, a smart city traffic optimization system reducing commute times by 15%, and a financial sentiment analyzer with 85% market trend prediction accuracy. Her work combines cutting-edge machine learning research with practical applications in healthcare, urban planning, and finance.",not completed,holdfile,0,Sarah_Anderson.pdf,Sarah_Anderson.pdf,"Python,R,SQL,Java,JavaScript,TensorFlow,PyTorch,Pandas,Scikit-learn,Tableau,Power BI,Git,Docker,AWS,MongoDB,PostgreSQL,Apache Kafka,NLP,Deep Learning,Time Series Analysis,Machine Learning,Statistical Analysis,Data Visualization,Cloud Computing,A/B Testing"
Sophia Green,2023,Information Systems - Virginia Commonwealth University,1,3.89,sophia.green@example.com,804-654-3210,8,"Sophia Green demonstrates exceptional expertise in cybersecurity and cloud computing, with significant achievements in both industry and academia. At Capital One, she improved security response time by 30% and enhanced authentication systems for 10,000+ users, while her teaching assistantship boosted student performance by 15% in AWS cloud computing. Her project portfolio includes a blockchain voting system achieving consensus in under 2 seconds across 5 nodes, a cloud storage optimization tool reducing costs by 20%, and an IoT security system successfully tested with 10+ households. Her work combines robust security principles with practical cloud and IoT implementations.",not completed,holdfile,0,Sophia_Green.pdf,Sophia_Green.pdf,"Python,C++,SQL,JavaScript,Flask,Hyperledger Fabric,AWS,Git,Docker,MQTT,Cybersecurity,Cloud Computing,Blockchain,IoT,Network Security,Vulnerability Assessment,System Architecture,Multi-factor Authentication,Cloud Storage,Security Protocols"
Sophia Martinez,2021,Computer Engineering - University of Illinois Urbana-Champaign,1,3.88,sophia.martinez@example.com,646-987-3210,8,"Sophia Martinez demonstrates exceptional expertise in software engineering and IoT systems, with significant achievements in both industry and research. At NextGen Solutions, she developed a high-performance API reducing processing time by 40% and handling 10,000+ daily requests, while implementing CI/CD pipelines that reduced deployment time to 15 minutes. Her research in wireless sensor networks led to publication in the Journal of Embedded Systems, achieving 25% improvement in maintenance scheduling through ML-based failure prediction. Her project portfolio includes a telemedicine app achieving 95% accuracy in health monitoring and 4.7/5 user ratings, and an IoT agriculture system increasing crop yield by 15%. Her work combines sophisticated backend architecture with practical IoT and mobile applications.",not completed,holdfile,0,Sophia_Martinez.pdf,Sophia_Martinez.pdf,"Python,JavaScript,C,SQL,Java,Kotlin,React,Flask,Django,TensorFlow,PyTorch,React Native,Kubernetes,Git,Docker,Jenkins,Firebase,AWS,PostgreSQL,MongoDB,Raspberry Pi,IoT,Machine Learning,Cloud Computing,Embedded Systems,CI/CD,Microservices,Database Optimization,Mobile Development"
Sophia Rodriguez,2028,Biomedical Engineering - University of California San Diego,1,3.85,s.rodriguez@example.edu,619-555-7890,7,"Sophia Rodriguez demonstrates exceptional expertise in biomedical engineering and medical device development, with significant achievements in both research and industry. At Medtronic, she contributed to next-generation cardiac monitoring devices, while her research at UCSD's Regenerative Medicine Lab advanced neural tissue regeneration techniques. Her project portfolio includes an innovative biodegradable tissue scaffold, an AI-powered diagnostic tool achieving 92% accuracy in cancer detection, and a wearable health monitoring system. Her work at Scripps Research Institute strengthened her expertise in molecular biology and laboratory techniques.",not completed,holdfile,0,Sophia_Rodriguez.pdf,Sophia_Rodriguez.pdf,"MATLAB,Python,R,SolidWorks,ImageJ,SPSS,3D Bioprinting,Microfluidics,PCR,Cell Culture,Medical Imaging,Machine Learning,Tissue Engineering,Biomechanics,Medical Device Design,Biostatistics,Molecular Biology,Laboratory Techniques,Data Analysis,Sensor Design"
Aria Chen,2027,Computer Science - Oregon State University,2,3.92,aria.chen@example.edu,503-872-6541,8,"Aria Chen demonstrates exceptional expertise in machine learning and distributed systems, with significant achievements at major technology companies. At Intel, she developed scalable cloud infrastructure for edge computing, while at Nike she created predictive analytics models for demand forecasting. Her research in human-robot interaction led to publication at the International Conference on Robotics. Her project portfolio includes a distributed ML platform reducing training time by 40%, a cybersecurity system achieving 95% threat detection accuracy, and an urban mobility optimization app. Her work combines advanced AI research with practical software engineering implementation.",not completed,holdfile,7,Aria_Chen.pdf,Aria_Chen.pdf,"Python,Java,JavaScript,React,Node.js,Docker,Kubernetes,TensorFlow,AWS,Git,MongoDB,Linux,Machine Learning,Cloud Computing,Microservices,Distributed Systems,Reinforcement Learning,Data Visualization,Edge Computing,Robotics,Cybersecurity"
Marcus Rodriguez,2028,Mechanical Engineering - University of Texas at Austin,2,3.78,m.rodriguez@example.edu,512-647-3298,9,"Marcus Rodriguez demonstrates exceptional expertise in mechanical engineering and robotics, with significant experience at prestigious organizations. At NASA's Johnson Space Center, he contributed to space robotics development, while at Dell Technologies he optimized thermal management solutions through CFD simulations. His robotics research led to presentation at the International Robotics Conference. His project portfolio includes an autonomous drone system achieving 95% navigation accuracy, renewable energy optimizations reducing losses by 15%, and an innovative biomimetic prosthetic design. His work combines mechanical engineering fundamentals with cutting-edge robotics and AI applications.",not completed,holdfile,8,Marcus_Rodriguez.pdf,Marcus_Rodriguez.pdf,"MATLAB,Python,SolidWorks,ANSYS,AutoCAD,ROS,Arduino,Raspberry Pi,3D Printing,OpenCV,TensorFlow,Robotics,Computer Vision,Machine Learning,CFD,Thermal Analysis,Mechanical Design,Control Systems,Biomechanics,Mechatronics"
Elena Koslov,2027,Bioengineering - University of Washington,2,3.86,e.koslov@example.edu,206-534-9072,9,"Elena Koslov demonstrates exceptional expertise in bioengineering and genomic research, with significant achievements at leading research institutions. At Illumina, she contributed to next-generation sequencing technologies, while at Fred Hutchinson Cancer Research Center she advanced targeted cancer therapies. Her project portfolio includes a personalized cancer treatment platform achieving 87% accuracy, an innovative wearable biosensor design, and an advanced cell culture system for tissue regeneration. Her work combines bioengineering principles with modern computational methods and data analysis.",not completed,holdfile,8,Elena_Koslov.pdf,Elena_Koslov.pdf,"Python,R,MATLAB,SolidWorks,Simulink,ImageJ,Jupyter,Git,AWS,Conda,Tableau,Machine Learning,Tissue Engineering,Molecular Biology,Bioinformatics,Signal Processing,Genomic Analysis,3D Printing,Cell Culture,Data Analysis"
Jamal Thompson,2028,Environmental Engineering - Georgia Tech,2,3.75,j.thompson@example.edu,404-219-6735,8,"Jamal Thompson demonstrates exceptional expertise in environmental engineering and sustainability, with significant experience at key environmental organizations. At EPA Region 4, he contributed to climate impact assessment and policy development, while at Southface Institute he conducted energy efficiency audits and sustainability consulting. His project portfolio includes an urban heat island mitigation strategy achieving 5% temperature reduction potential, a water filtration system reducing contaminants by 92%, and a renewable energy optimization model for grid integration. His research at Georgia Tech Climate Lab advanced understanding of climate resilience strategies.",not completed,holdfile,7,Jamal_Thompson.pdf,Jamal_Thompson.pdf,"Python,R,ArcGIS,MATLAB,AutoCAD,Tableau,Remote Sensing,GIS,Climate Modeling,Data Visualization,Environmental Analysis,Sustainability Assessment,Energy Efficiency,Water Resource Management,Green Infrastructure,Policy Analysis,Environmental Impact Assessment"
Olivia Nakamura,2027,Data Science - Stanford University,2,3.93,o.nakamura@example.edu,415-628-3901,9,"Olivia Nakamura demonstrates exceptional expertise in data science and artificial intelligence, with significant achievements at leading tech companies and research institutions. At Salesforce, she developed customer insight ML models, while at Google she advanced NLP and conversational AI. Her research at Stanford's AI Lab led to publication at NeurIPS, focusing on machine learning interpretability. Her project portfolio includes a healthcare analytics platform achieving 85% diagnosis accuracy, a financial prediction system with 72% trading signal accuracy, and a climate change impact model. Her work combines cutting-edge AI research with practical applications in healthcare, finance, and environmental science.",not completed,holdfile,9,Olivia_Nakamura.pdf,Olivia_Nakamura.pdf,"Python,R,SQL,Java,Scala,TensorFlow,PyTorch,Apache Spark,Hadoop,Tableau,Docker,Machine Learning,Natural Language Processing,Big Data Analytics,Statistical Modeling,Cloud Computing,Data Visualization,Neural Networks,Distributed Systems,Feature Engineering"
Alejandro Morales,2028,Chemical Engineering - University of Miami,2,3.81,a.morales@example.edu,305-742-6291,8,"Throughout his academic and professional journey, Alejandro Morales has demonstrated exceptional achievement in chemical engineering, with a strong focus on sustainable technologies and process optimization. His project portfolio showcases innovative solutions, including a biofuel production method that achieved 35% improved energy efficiency and an advanced polymer recycling system with an 80% material recovery rate. During his internship at Dow Chemical, he gained valuable industry experience in sustainable manufacturing processes and environmental compliance. His research contributions span from nanomaterial drug delivery systems to water treatment technologies, complemented by his role as a Research Assistant at the University of Miami's Applied Chemistry Lab where he conducted materials characterization research and presented at national symposiums. With a stellar academic record maintaining a 3.81 GPA while pursuing his BS in Chemical Engineering, Alejandro combines theoretical knowledge with practical application in solving complex engineering challenges.",not completed,holdfile,7,Alejandro_Morales.pdf,Alejandro_Morales.pdf,"MATLAB,Python,Aspen,AutoCAD,SolidWorks,ChemCAD,Chemical Simulation Software,3D Modeling,Data Analysis,Process Simulation,Materials Characterization,Water Quality Analysis,Polymer Processing,Process Optimization,Environmental Compliance"